Sample_ID,Year,Month,Species,Rotation,Nitrogen,Fraction,Block,Rep,ASV_counts,Observed,Shannon,Simpson,InvSimpson,Evenness,asv_001346,asv_002099,asv_001060,asv_001681,asv_001149,asv_001363,asv_000650,asv_001021,asv_000556,asv_001277,asv_001577,asv_003649,asv_001410
USDA_161,2017,Jun,Soybean,rotated,Low_N,Rhizosphere,1,1,15158,246,5.093653398664909,0.9914359353761176,116.76698436059564,12.737172288109004,0,0,0.11993243243243243,0.12837837837837837,0,0,0,0,0,0,0.15878378378378377,0,0.12331081081081081
USDA_162,2017,Jun,Soybean,rotated,Low_N,Rhizosphere,1,2,11893,281,5.399640298846628,0.9944709280950863,180.86218034373718,19.728802315619475,0,0,0.09937888198757763,0,0,0,0,0,0,0,0.2468944099378882,0.046583850931677016,0.059006211180124224
USDA_163,2017,Jun,Soybean,rotated,Std_N,Rhizosphere,1,1,8974,259,5.403113178038561,0.9948366300407054,193.67196383050359,21.126118690087544,0,0,0.055133079847908745,0,0,0,0,0,0,0,0.053231939163498096,0.026615969581749048,0.11406844106463879
USDA_164,2017,Jun,Soybean,rotated,Std_N,Rhizosphere,1,2,8474,241,5.376416099649791,0.9949321444110737,197.32211829103417,21.52428471703923,0,0,0,0,0,0,0.3630229419703104,0,0,0.08232118758434548,0,0.03913630229419703,0.07017543859649122
USDA_165,2017,Jun,Soybean,continuous,Low_N,Rhizosphere,1,1,1846,49,3.710400866339635,0.9712170849918245,34.7428326740345,3.789816513369302,0,0,0,0,0,0,0,0,0,0,0,1,0
USDA_166,2017,Jun,Soybean,continuous,Low_N,Rhizosphere,1,2,6094,185,5.077963576219129,0.9929614359176964,142.0744328398179,15.497758537873242,0,0,0,0,0,0,0,0,0,0.3896499238964992,0,0,0.0593607305936073
USDA_167,2017,Jun,Soybean,continuous,Std_N,Rhizosphere,1,1,5948,184,5.0613399613365395,0.9924521260021283,132.48763827827167,14.452012133701075,0,0,0,0.05789473684210526,0,0,0,0,0,0.3,0,0,0
USDA_168,2017,Jun,Soybean,continuous,Std_N,Rhizosphere,1,2,7985,247,5.325811337593887,0.9943846026264807,178.08178717960894,19.4255115613527,NA,NA,NA,NA,NA,NA,NA,NA,NA,NA,NA,NA,NA
USDA_169,2017,Jun,Corn,rotated,Low_N,Rhizosphere,1,1,6379,183,5.072339434175636,0.9929426046002913,141.69533423637685,15.456405716674242,0.08986175115207373,0,0.08986175115207373,0.1336405529953917,0,0,0,0,0,0,0.12672811059907835,0,0
USDA_170,2017,Jun,Corn,rotated,Low_N,Rhizosphere,1,2,8860,256,5.340188005815572,0.9943360985278906,176.55674360231572,19.2591568087895,0.10434782608695652,0,0,0.31521739130434784,0,0,0,0,0,0,0,0,0
USDA_171,2017,Jun,Corn,rotated,Std_N,Rhizosphere,1,1,4424,101,4.478584463872432,0.9872689121314284,78.54788297146527,8.568157546863901,0.14929577464788732,0,0.14084507042253522,0,0,0,0.3464788732394366,0,0,0,0,0,0
USDA_172,2017,Jun,Corn,rotated,Std_N,Rhizosphere,1,2,3723,79,4.254541047019328,0.9843460614517462,63.88168683027998,6.968340029229043,0.41568627450980394,0,0,0,0,0,0,0.20392156862745098,0,0,0,0,0
USDA_177,2017,Jun,Corn,continuous,Low_N,Rhizosphere,1,1,10892,243,5.315244276579995,0.9942730374906487,174.61263250233287,19.047089346712752,0.5079825834542816,0,0,0.10159651669085631,0,0,0.06531204644412192,0,0,0,0,0,0
USDA_178,2017,Jun,Corn,continuous,Low_N,Rhizosphere,1,2,9218,214,5.107491497290946,0.9919362867965037,124.01234701234408,13.527510694898355,0.9301634472511144,0,0,0,0.06983655274888559,0,0,0,0,0,0,0,0
USDA_179,2017,Jun,Corn,continuous,Std_N,Rhizosphere,1,1,3803,128,4.716950891804138,0.9898829473582899,98.84301638179073,10.781990611689606,0,0,0.04726976365118175,0,0,0,0.8924205378973105,0,0,0,0,0,0
USDA_180,2017,Jun,Corn,continuous,Std_N,Rhizosphere,1,2,8005,247,5.35060070157805,0.9945311038814357,182.85225726001363,19.945883819333943,0.5218274111675127,0,0.04263959390862944,0.1431472081218274,0,0,0.22741116751269036,0,0,0,0,0,0
USDA_181,2017,Jun,Corn,rotated,Low_N,Rhizosphere,2,1,2675,70,4.086645851650953,0.9809675604856319,52.541871957353386,5.731370722000201,0,0,0,0,0,0,0,0,0,0,0,0,0
USDA_182,2017,Jun,Corn,rotated,Low_N,Rhizosphere,2,2,3462,91,4.3612644929366935,0.9855060855484369,68.994473738746,7.5260528800157935,0,0,0,0,0,0,0,0,0,0,0.4915254237288136,0,0
USDA_183,2017,Jun,Corn,rotated,Std_N,Rhizosphere,2,1,3663,102,4.465717650870258,0.986876832904679,76.20111766743715,8.312167772349781,0,0,0,0,0,0,0.4088888888888889,0.4911111111111111,0,0,0.1,0,0
USDA_184,2017,Jun,Corn,rotated,Std_N,Rhizosphere,2,2,8533,203,5.053784226506085,0.9920326279884649,125.51190010359906,13.69108489511489,0.24738675958188153,0,0,0.0313588850174216,0,0,0.6402439024390244,0,0,0.018292682926829267,0,0,0
USDA_189,2017,Jun,Corn,continuous,Low_N,Rhizosphere,2,1,1893,53,3.828963148262535,0.975249822168531,40.403750098657135,4.407320518812377,0.7388059701492538,0,0,0,0,0,0.26119402985074625,0,0,0,0,0,0
USDA_190,2017,Jun,Corn,continuous,Low_N,Rhizosphere,2,2,2517,75,4.1519836369731165,0.981904377211521,55.26198306016172,6.028085790467446,0.21734234234234234,0,0.05067567567567568,0.03265765765765766,0,0,0.5934684684684685,0,0,0,0,0,0
USDA_191,2017,Jun,Corn,continuous,Std_N,Rhizosphere,2,1,4169,110,4.5480346833193295,0.9882275951852187,84.94441159077469,9.265903468077042,0.057569296375266525,0,0,0,0,0,0.7697228144989339,0,0,0,0,0,0
USDA_192,2017,Jun,Corn,continuous,Std_N,Rhizosphere,2,2,5171,138,4.770760893263694,0.9903887698233469,104.0449538321459,11.349428178909161,0.03283582089552239,0.034328358208955224,0,0,0.021393034825870648,0,0.7716417910447761,0.049253731343283584,0,0,0,0,0
USDA_193,2017,Jun,Soybean,rotated,Low_N,Rhizosphere,2,1,7228,227,5.284745141481544,0.9942825570117317,174.90336187906343,19.078802678875174,0,0,0,0,0,0,0,0,0,0,0.03987730061349693,0,0.0598159509202454
USDA_194,2017,Jun,Soybean,rotated,Low_N,Rhizosphere,2,2,8778,260,5.4188645976637595,0.9949857296153659,199.43080912916767,21.75430486061611,0,0,0,0,0,0,0,0,0,0.06592039800995025,0.26990049751243783,0.014925373134328358,0.13557213930348258
USDA_195,2017,Jun,Soybean,rotated,Std_N,Rhizosphere,2,1,8099,247,5.354672281264512,0.9945713925009468,184.2093023255814,20.09391296385211,0,0,0,0,0,0,0.6137091607943626,0,0.16143497757847533,0.02626521460602178,0.03459320948110186,0,0.08263933376041
USDA_196,2017,Jun,Soybean,rotated,Std_N,Rhizosphere,2,2,7672,212,5.21307608718292,0.9938683222769634,163.0875015239341,17.789905394256188,0,0,0,0,0,0,0,0,0.48188405797101447,0,0,0,0.16304347826086957
USDA_197,2017,Jun,Soybean,continuous,Low_N,Rhizosphere,2,1,2931,71,4.16976597934431,0.9833436176375993,60.037046355116665,6.548959085324852,0,0,0,0,0,0,0,0,0,0.28825622775800713,0,0.07829181494661921,0
USDA_198,2017,Jun,Soybean,continuous,Low_N,Rhizosphere,2,2,5082,144,4.835866716272505,0.9910335511387353,111.52687261955143,12.165570594187495,0,0,0,0,0,0,0,0,0,0.231433506044905,0.12953367875647667,0,0.1070811744386874
USDA_199,2017,Jun,Soybean,continuous,Std_N,Rhizosphere,2,1,5973,159,4.9248387958199125,0.9918800571655546,123.15357637222853,13.433834304615447,0,0,0,0,0,0,0,0,0,0.5346260387811634,0,0,0
USDA_200,2017,Jun,Soybean,continuous,Std_N,Rhizosphere,2,2,3352,93,4.408872081576756,0.9864333123529714,73.70995972027238,8.040427364359614,0,0,0,0,0,0,0,0,0,0.6309523809523809,0,0,0
USDA_281,2017,Aug,Soybean,rotated,Low_N,Rhizosphere,1,1,21385,296,5.168653831089,0.9919496779294112,124.21863264991815,13.550012737926453,0,0,0,0,0,0,0,0,0,0.5620022753128555,0.15130830489192265,0.009101251422070534,0
USDA_282,2017,Aug,Soybean,rotated,Low_N,Rhizosphere,1,2,13188,218,5.0565202251322985,0.9917045638220939,120.54821211974189,13.14963604824255,0,0,0,0,0,0,0,0,0,0.97165991902834,0,0,0
USDA_283,2017,Aug,Soybean,rotated,Std_N,Rhizosphere,1,1,16523,234,5.041790910979456,0.9913817770074977,116.03320091276265,12.657129746560202,0,0,0,0,0,0,0,0,0,0.4604519774011299,0.2344632768361582,0.04943502824858757,0.046610169491525424
USDA_284,2017,Aug,Soybean,rotated,Std_N,Rhizosphere,1,2,11277,249,5.350767817603127,0.9945272862279495,182.7247032554611,19.931969977669535,0,0.06949524506217995,0,0,0,0,0,0,0,0.5413313825896123,0.1075347476225311,0,0
USDA_285,2017,Aug,Soybean,continuous,Low_N,Rhizosphere,1,1,13165,220,5.195488398539567,0.9936866113567189,158.3935437056019,17.277879244290894,0,0,0.08173690932311622,0,0,0,0,0,0,0.5887611749680716,0.05491698595146871,0,0
USDA_286,2017,Aug,Soybean,continuous,Low_N,Rhizosphere,1,2,14303,208,5.018506202622523,0.9916386741503733,119.59825726019788,13.046013103981418,0,0,0,0.04083885209713024,0,0,0,0,0,0.3995584988962472,0.09271523178807947,0.04746136865342163,0
USDA_287,2017,Aug,Soybean,continuous,Std_N,Rhizosphere,1,1,10747,223,5.2083134197375225,0.9935545469013236,155.1481307350387,16.92386321502983,0,0,0,0,0,0,0,0,0,0.8921348314606742,0,0,0
USDA_288,2017,Aug,Soybean,continuous,Std_N,Rhizosphere,1,2,9850,246,5.35264139420783,0.9946592388363524,187.2392285216935,20.424423271979563,0,0,0,0,0,0,0,0,0,0.6020725388601036,0.24352331606217617,0.014507772020725389,0
USDA_289,2017,Aug,Corn,rotated,Low_N,Rhizosphere,1,1,8725,206,5.130258065567239,0.9926192658516761,135.48787693797243,14.779284066973247,0.48546511627906974,0,0,0,0,0,0,0,0,0,0.1569767441860465,0,0
USDA_290,2017,Aug,Corn,rotated,Low_N,Rhizosphere,1,2,15741,227,5.009960393306016,0.9906232641164732,106.64691982599331,11.633255746546673,0.387523629489603,0,0,0.10207939508506617,0,0,0,0,0,0,0.15500945179584122,0,0
USDA_291,2017,Aug,Corn,rotated,Std_N,Rhizosphere,1,1,6721,180,4.998751007550564,0.9920115055749,125.18003353147387,13.65488423677838,0.2599337748344371,0.12417218543046357,0,0,0,0,0.36258278145695366,0,0,0,0,0,0
USDA_292,2017,Aug,Corn,rotated,Std_N,Rhizosphere,1,2,8671,238,5.332251776167411,0.9945655349361062,184.01075142499823,20.072254641146117,0.07779171894604768,0,0,0,0,0,0.7829360100376411,0,0,0,0,0,0
USDA_297,2017,Aug,Corn,continuous,Low_N,Rhizosphere,1,1,4786,127,4.754320838241252,0.9907039248930707,107.57228061277203,11.734195920983842,0,0,0.2574626865671642,0.417910447761194,0,0,0,0,0,0,0,0,0
USDA_298,2017,Aug,Corn,continuous,Low_N,Rhizosphere,1,2,38779,413,5.380567780189541,0.9931594940536806,146.18801706298746,15.946476394714967,0.6271273852501289,0,0.08457968024755029,0,0,0,0,0.05621454357916452,0,0,0.0778751933986591,0,0
USDA_299,2017,Aug,Corn,continuous,Std_N,Rhizosphere,1,1,1416,36,3.471928727794718,0.9665575425324779,29.902108748173113,3.261780827764366,0.4406779661016949,0,0,0,0,0,0.4067796610169492,0,0,0,0,0,0
USDA_300,2017,Aug,Corn,continuous,Std_N,Rhizosphere,1,2,3457,84,4.266248819696516,0.9830267288959973,58.91616258719713,6.426690879589175,0,0,0,0,0,0,0.8760416666666667,0,0,0,0,0,0
USDA_301,2017,Aug,Corn,rotated,Low_N,Rhizosphere,2,1,6823,163,4.968842493932788,0.9922729693509137,129.41581901428614,14.116932047343038,0.9606837606837607,0,0,0,0,0,0,0.039316239316239315,0,0,0,0,0
USDA_302,2017,Aug,Corn,rotated,Low_N,Rhizosphere,2,2,8471,189,5.108173582834591,0.9933098182259971,149.47276976626472,16.304783679386038,0.8540284360189574,0,0,0,0,0,0,0,0,0,0,0,0
USDA_303,2017,Aug,Corn,rotated,Std_N,Rhizosphere,2,1,6251,162,4.952542264815361,0.9919580552282008,124.34803127555777,13.564127794486675,0.21882086167800455,0,0,0,0,0,0.7233560090702947,0,0,0.03854875283446712,0.01927437641723356,0,0
USDA_304,2017,Aug,Corn,rotated,Std_N,Rhizosphere,2,2,6060,135,4.765639068503646,0.9902977376945615,103.06874505335362,11.242941405505448,0.20689655172413793,0,0.12931034482758622,0,0,0,0,0,0,0,0,0,0
USDA_309,2017,Aug,Corn,continuous,Low_N,Rhizosphere,2,1,15625,302,5.522565490716595,0.995269705728,211.40333824880483,23.06029188217254,0.7191011235955056,0,0,0.0853932584269663,0,0,0.05917602996254682,0,0,0,0,0,0
USDA_310,2017,Aug,Corn,continuous,Low_N,Rhizosphere,2,2,12436,279,5.463256704014059,0.9951203878880777,204.93432204512808,22.354638872702463,0.4538327526132404,0,0.06358885017421603,0,0,0,0.34494773519163763,0.03832752613240418,0,0,0,0,0
USDA_311,2017,Aug,Corn,continuous,Std_N,Rhizosphere,2,1,6332,175,5.029646768994785,0.9926193857748687,135.49007839956747,14.77952420673343,0.30520393811533053,0.057665260196905765,0,0,0,0,0.5893108298171589,0,0.04781997187060478,0,0,0,0
USDA_312,2017,Aug,Corn,continuous,Std_N,Rhizosphere,2,2,5460,156,4.926289251751222,0.9918164070361872,122.19571579646343,13.329348989281531,0,0,0,0,0,0,0.9173151750972762,0,0.05544747081712062,0,0,0,0
USDA_313,2017,Aug,Soybean,rotated,Low_N,Rhizosphere,2,1,20997,220,4.735187012488705,0.9867135079854525,75.26441132129521,8.209990001985085,0,0,0,0,0,0,0,0,0.17408123791102514,0.3288201160541586,0.1644100580270793,0,0.0367504835589942
USDA_314,2017,Aug,Soybean,rotated,Low_N,Rhizosphere,2,2,22189,319,5.381937888124266,0.9936824776530029,158.2899030781146,17.266573920824833,0,0,0,0,0,0,0,0,0.5101934134866701,0.23941453214845793,0.09722948248823837,0.020386826973340304,0.01620491374803973
USDA_315,2017,Aug,Soybean,rotated,Std_N,Rhizosphere,2,1,21449,324,5.442710868149389,0.9942536162830781,174.02248949286204,18.98271538666391,0,0,0,0,0,0,0.09550045913682277,0,0.47505356596265685,0.21885521885521886,0.04315886134067952,0,0.022344658708295072
USDA_316,2017,Aug,Soybean,rotated,Std_N,Rhizosphere,2,2,17583,272,5.151202077962194,0.9915594091870747,118.47511888251773,12.923498960979135,0,0,0,0,0,0,0,0,0.2832189644416719,0.40923268870867124,0.07673112913287586,0,0.05552089831565814
USDA_317,2017,Aug,Soybean,continuous,Low_N,Rhizosphere,2,1,20664,353,5.504707344482335,0.9941220825916018,170.12828362835455,18.557927752614717,0,0,0,0,0,0,0,0,0,0.6855231143552312,0.13138686131386862,0,0
USDA_318,2017,Aug,Soybean,continuous,Low_N,Rhizosphere,2,2,36343,307,4.612895252955445,0.9834765797457322,60.52015772834382,6.601657824003726,0,0,0,0,0,0,0,0,0,0.7052797478329393,0.1016548463356974,0.009456264775413711,0.018912529550827423
USDA_319,2017,Aug,Soybean,continuous,Std_N,Rhizosphere,2,1,32581,348,4.960394183559539,0.9873351258288762,78.9585420658988,8.61295304848725,0,0,0.040998217468805706,0,0,0,0,0,0,0.6096256684491979,0.0855614973262032,0.017825311942959002,0
USDA_320,2017,Aug,Soybean,continuous,Std_N,Rhizosphere,2,2,28819,341,4.987809958585543,0.9878680851505022,82.42721881957452,8.991323130280986,0,0,0,0,0,0,0,0,0.2770463651974814,0.5437893531768746,0,0.006868918145392101,0
USDA_401,2017,Sep,Soybean,rotated,Low_N,Rhizosphere,1,1,37567,384,5.099210439521434,0.9890264068026854,91.1278541147959,9.940405538960837,0,0,0,0,0,0.0861344537815126,0,0,0.5260504201680672,0.18487394957983194,0.05588235294117647,0.0054621848739495795,0
USDA_402,2017,Sep,Soybean,rotated,Low_N,Rhizosphere,1,2,29125,437,5.463868649375501,0.9926573294774264,136.1902317318599,14.855898309142056,0,0,0.064576802507837,0,0,0.10470219435736677,0,0,0,0.5153605015673981,0.05141065830721003,0.009404388714733543,0
USDA_403,2017,Sep,Soybean,rotated,Std_N,Rhizosphere,1,1,11259,157,4.856347391272642,0.9909868159986424,110.94858374680649,12.102489706685066,0,0,0,0,0,0.10893854748603352,0,0,0.07541899441340782,0.3407821229050279,0,0,0.09497206703910614
USDA_404,2017,Sep,Soybean,rotated,Std_N,Rhizosphere,1,2,20336,284,5.118114869361837,0.990775433960448,108.40618363100373,11.825159702166973,0,0,0,0,0,0,0,0,0.07396149949341439,0.5055724417426545,0.0790273556231003,0,0
USDA_405,2017,Sep,Soybean,continuous,Low_N,Rhizosphere,1,1,601,14,2.4787925324750817,0.9021015999401996,10.214671530782502,1.114236458759867,NaN,NaN,NaN,NaN,NaN,NaN,NaN,NaN,NaN,NaN,NaN,NaN,NaN
USDA_406,2017,Sep,Soybean,continuous,Low_N,Rhizosphere,1,2,2981,67,4.0207442882713185,0.9779294359074542,45.309218006699744,4.942418605319213,0,0,0,0,0,0,0,0,0,0.6814159292035398,0,0,0
USDA_407,2017,Sep,Soybean,continuous,Std_N,Rhizosphere,1,1,21285,321,5.286297991097184,0.9922720681309272,129.40072673285255,14.115285751603768,0,0,0.024390243902439025,0.012725344644750796,0,0.08377518557794274,0,0.04294803817603393,0.14846235418875928,0.3303287380699894,0,0.024920466595970307,0.0535524920466596
USDA_408,2017,Sep,Soybean,continuous,Std_N,Rhizosphere,1,2,19499,365,5.630832681901546,0.9954483878808126,219.70237661167718,23.965567307690876,0,0,0,0.041891891891891894,0,0,0,0,0,0.5831081081081081,0.07702702702702703,0,0
USDA_409,2017,Sep,Corn,rotated,Low_N,Rhizosphere,1,1,7084,129,4.71254252482344,0.9898772605638047,98.78748794267604,10.775933460348698,0.482367758186398,0,0,0,0.033375314861460954,0,0.22858942065491183,0.02518891687657431,0,0,0.10894206549118388,0,0
USDA_410,2017,Sep,Corn,rotated,Low_N,Rhizosphere,1,2,14466,327,5.648450695955821,0.9960421504667504,252.66246015647639,27.560918040087167,0.481358189081225,0,0,0,0.06524633821571238,0.17509986684420772,0.05126498002663116,0,0,0,0,0,0
USDA_411,2017,Sep,Corn,rotated,Std_N,Rhizosphere,1,1,10669,208,5.18448269297175,0.9936408986220833,157.2549233878711,17.15367630082109,0.1504424778761062,0,0.043264503441494594,0,0,0.07472959685349066,0.30678466076696165,0,0,0,0,0,0
USDA_412,2017,Sep,Corn,rotated,Std_N,Rhizosphere,1,2,10784,218,5.261122540837703,0.9942425041439565,173.6866208857678,18.94607817848257,0.18448979591836734,0.0473469387755102,0.08244897959183674,0,0,0.10122448979591837,0.27510204081632655,0,0,0,0,0,0
USDA_417,2017,Sep,Corn,continuous,Low_N,Rhizosphere,1,1,12814,282,5.473539377538116,0.9951443799190585,205.94691992584842,22.46509504090733,0.34290401968826906,0,0.09023789991796555,0.1140278917145201,0.054142739950779326,0.13043478260869565,0,0,0,0,0,0,0
USDA_418,2017,Sep,Corn,continuous,Low_N,Rhizosphere,1,2,21859,386,5.761305958458872,0.9962616792973442,267.499789220755,29.179403073523208,0.5912618568554182,0,0.045990227076746194,0.030755964357574016,0.02414486921529175,0.22506467375682668,0,0.024719747053751077,0,0,0,0,0
USDA_419,2017,Sep,Corn,continuous,Std_N,Rhizosphere,1,1,3985,124,4.593779542820781,0.9879090504070314,82.70648986755691,9.021786565409595,0.049443757725587144,0,0.06551297898640297,0,0,0.11124845488257108,0.449938195302843,0.04697156983930779,0.14585908529048208,0,0,0,0
USDA_420,2017,Sep,Corn,continuous,Std_N,Rhizosphere,1,2,5365,150,4.8946065139991575,0.9916398179842599,119.61462060482147,13.047798049793126,0,0,0,0,0,0,0.6439393939393939,0,0.32196969696969696,0,0,0,0
USDA_421,2017,Sep,Corn,rotated,Low_N,Rhizosphere,2,1,36342,518,5.714739903132151,0.9945142551056666,182.29064954022277,19.884622544800916,0.26014492753623186,0,0.036231884057971016,0.019927536231884056,0.11231884057971014,0.46557971014492755,0,0.041304347826086954,0,0,0,0,0
USDA_422,2017,Sep,Corn,rotated,Low_N,Rhizosphere,2,2,35741,465,5.501124874488054,0.992768626101335,138.2863082469869,15.084542457558046,0.41171231351592075,0,0,0.012469383210866177,0.04653751948341127,0.1458472500556669,0,0.22778891115564462,0,0.006234691605433089,0,0,0
USDA_423,2017,Sep,Corn,rotated,Std_N,Rhizosphere,2,1,11436,271,5.520402560454637,0.9956947317926453,232.27356620702884,25.336857391264466,0.28180039138943247,0.041487279843444226,0.03718199608610567,0,0,0.015655577299412915,0.5561643835616439,0.02426614481409002,0,0,0,0,0
USDA_424,2017,Sep,Corn,rotated,Std_N,Rhizosphere,2,2,13557,335,5.643851180104686,0.9959796726792325,248.73596605788293,27.13260834196581,0.39223839223839224,0,0,0,0,0.1884961884961885,0.09286209286209286,0.08108108108108109,0,0,0,0,0
USDA_429,2017,Sep,Corn,continuous,Low_N,Rhizosphere,2,1,16602,431,5.8858704061785145,0.9968313703356229,315.5938389526403,34.4255966000782,0.5138339920948617,0,0.06561264822134387,0.22687747035573122,0.06561264822134387,0,0,0.025296442687747035,0,0,0,0,0
USDA_430,2017,Sep,Corn,continuous,Low_N,Rhizosphere,2,2,2550,52,3.83498968022169,0.9758093041138024,41.33820724729816,4.5092529422903995,0.28,0,0.24,0.1175,0,0.265,0.0975,0,0,0,0,0,0
USDA_431,2017,Sep,Corn,continuous,Std_N,Rhizosphere,2,1,10236,247,5.38458698978777,0.9949668480369722,198.68265598689302,21.672694844538153,0.18340611353711792,0,0,0,0,0.1537117903930131,0.4524017467248908,0,0.03056768558951965,0,0,0,0
USDA_432,2017,Sep,Corn,continuous,Std_N,Rhizosphere,2,2,15110,344,5.7173454661323415,0.9963709851558459,275.5568778151658,30.05828614247913,0.09850374064837905,0,0,0,0.06172069825436409,0.16708229426433915,0.428927680798005,0,0.1396508728179551,0,0,0,0
USDA_433,2017,Sep,Soybean,rotated,Low_N,Rhizosphere,2,1,9893,87,4.251356976702768,0.9837107448976259,61.3901614110182,6.696559536659863,0,0,0,0,0,0.18888888888888888,0,0,0,0.6,0,0,0
USDA_434,2017,Sep,Soybean,rotated,Low_N,Rhizosphere,2,2,14499,125,4.43023929513497,0.9849388739234478,66.39609780286246,7.242616922961192,0,0,0,0,0,0,0,0,0,0.6489795918367347,0,0,0
USDA_435,2017,Sep,Soybean,rotated,Std_N,Rhizosphere,2,1,27792,408,5.477023126275769,0.9930999292093018,144.92604935996857,15.80881847588286,0,0,0,0,0,0.10538321167883212,0,0,0.36405109489051096,0.24817518248175183,0,0,0
USDA_436,2017,Sep,Soybean,rotated,Std_N,Rhizosphere,2,2,23527,368,5.4033614165351,0.9930932958669663,144.7868593671405,15.793635357734011,0,0,0.0720164609053498,0,0,0,0,0,0,0.4451303155006859,0,0,0.06584362139917696
USDA_437,2017,Sep,Soybean,continuous,Low_N,Rhizosphere,2,1,24372,292,5.013944347133349,0.9894207114254467,94.52431446149753,10.310898113060988,0,0,0,0,0,0,0,0,0,0.7294642857142857,0,0,0
USDA_438,2017,Sep,Soybean,continuous,Low_N,Rhizosphere,2,2,15615,246,5.144387833517177,0.9921968057635657,128.1526474544041,13.979142809436793,0,0,0,0,0,0,0,0,0,0.6039453717754173,0,0,0
USDA_439,2017,Sep,Soybean,continuous,Std_N,Rhizosphere,2,1,13947,271,5.262461138313029,0.9931627023276706,146.25661305445257,15.95395898036492,0,0,0,0,0,0,0,0,0,0.4688427299703264,0,0,0
USDA_440,2017,Sep,Soybean,continuous,Std_N,Rhizosphere,2,2,22490,454,5.7895801313871305,0.9956771301547785,231.32780671280415,25.233692085702973,0,0,0,0.027966742252456538,0,0,0,0,0,0.6409674981103552,0,0,0
USDA_521,2018,Jun,Corn,rotated,Low_N,Rhizosphere,1,1,13678,450,5.947010893794671,0.9969896789144068,332.1904778815115,36.23599061340435,0,0,0,0.2860548271752086,0,0,0,0,0,0,0,0,0
USDA_522,2018,Jun,Corn,rotated,Low_N,Rhizosphere,1,2,12507,344,5.576832416952942,0.9953341679950505,214.32404744517046,23.378888585181404,0,0,0,0.208955223880597,0,0,0,0,0,0,0,0,0
USDA_523,2018,Jun,Corn,rotated,Std_N,Rhizosphere,1,1,10674,270,5.417116816861522,0.9947867137015027,191.8175873610204,20.923839657977908,0,0.07092751363990647,0,0,0,0,0.7272018706157444,0,0,0.028838659392049885,0,0,0
USDA_524,2018,Jun,Corn,rotated,Std_N,Rhizosphere,1,2,8136,270,5.381678933265795,0.9944361235109336,179.73080494599483,19.60538966226988,0.11075949367088607,0,0,0,0,0,0,0,0,0,0,0,0
USDA_525,2018,Jun,Soybean,continuous,Low_N,Rhizosphere,1,1,19549,523,5.997255653410662,0.9968739523542183,319.89275702479614,34.894531037645066,0,0,0,0,0,0,0,0,0,0.44366197183098594,0.047283702213279676,0,0
USDA_526,2018,Jun,Soybean,continuous,Low_N,Rhizosphere,1,2,22422,625,6.185791387731067,0.9973536342850957,377.87672141004924,41.219535904104376,0,0,0,0,0,0,0,0,0,0.4022054556006965,0.11607661056297155,0.006964596633778294,0
USDA_527,2018,Jun,Soybean,continuous,Std_N,Rhizosphere,1,1,22471,532,5.722524399706482,0.9932374707884761,147.87366807908487,16.13035052255366,0,0,0.031037827352085354,0,0,0,0,0,0,0.7293889427740058,0,0,0
USDA_528,2018,Jun,Soybean,continuous,Std_N,Rhizosphere,1,2,20522,612,6.246942833609779,0.9977613239009175,446.6925788906519,48.726104971415,0,0,0.041666666666666664,0,0,0,0,0,0,0.49007936507936506,0.09722222222222222,0.0033068783068783067,0
USDA_529,2018,Jun,Soybean,rotated,Low_N,Rhizosphere,1,1,16975,461,5.9010586165580206,0.9967575534496932,308.4090930983514,33.64187039276479,0,0,0.04722452361226181,0,0,0,0,0,0,0.5136702568351285,0.043910521955260975,0.05965202982601491,0
USDA_530,2018,Jun,Soybean,rotated,Low_N,Rhizosphere,1,2,3020,64,3.9945326247781123,0.9786616815051972,46.86404883513005,5.11202260981608,0,0,0,0,0,0,0,0,0.47368421052631576,0,0,0,0
USDA_531,2018,Jun,Soybean,rotated,Std_N,Rhizosphere,1,1,15001,424,5.784581720565925,0.9961688619465455,261.0190460503804,28.472470863463464,0,0,0,0,0,0,0,0,0.21744186046511627,0.4662790697674419,0,0,0
USDA_532,2018,Jun,Soybean,rotated,Std_N,Rhizosphere,1,2,10408,300,5.511718339596453,0.9954073272436919,217.73813486416302,23.751303954992462,0,0,0.12368024132730016,0,0,0,0,0,0,0.48114630467571645,0.07088989441930618,0.007541478129713424,0
USDA_537,2018,Jun,Corn,continuous,Low_N,Rhizosphere,1,1,9464,290,5.494743120630806,0.9952366765655178,209.9374551727694,22.90039047343163,0,0,0.14603174603174604,0,0,0,0,0,0,0,0,0,0
USDA_538,2018,Jun,Corn,continuous,Low_N,Rhizosphere,1,2,11898,384,5.746472118152982,0.996207608907235,263.6858845881608,28.763374855771588,0.27348643006263046,0,0,0.3695198329853862,0,0,0,0,0,0,0,0,0
USDA_539,2018,Jun,Corn,continuous,Std_N,Rhizosphere,1,1,2600,80,4.24377800865314,0.984035798816568,62.640152708537954,6.8329110456273146,0,0,0,0,0,0,0.3879093198992443,0,0.47858942065491183,0,0,0,0
USDA_540,2018,Jun,Corn,continuous,Std_N,Rhizosphere,1,2,8457,282,5.453219726486924,0.9949766116450883,199.06882154994616,21.71481854358953,0,0,0.08014571948998178,0,0,0,0.4790528233151184,0,0,0,0,0,0
USDA_541,2018,Jun,Soybean,rotated,Low_N,Rhizosphere,2,1,19368,503,5.992074027866674,0.9970570598871468,339.7962451334023,37.065642662749234,0.0343980343980344,0,0,0.07002457002457002,0,0,0,0,0,0.1977886977886978,0.08968058968058969,0,0
USDA_542,2018,Jun,Soybean,rotated,Low_N,Rhizosphere,2,2,22805,536,6.089174030661217,0.9974058951230467,385.489425999788,42.04994469190469,0,0,0,0,0,0,0,0,0,0.4062165058949625,0,0,0
USDA_543,2018,Jun,Soybean,rotated,Std_N,Rhizosphere,2,1,27,2,0.5722806988018472,0.384087791495199,1.6236080178173722,0.17710635557248994,NA,NA,NA,NA,NA,NA,NA,NA,NA,NA,NA,NA,NA
USDA_544,2018,Jun,Soybean,rotated,Std_N,Rhizosphere,2,2,7224,182,5.039708858810421,0.9926938888950207,136.87172089656366,14.930236487445137,0,0,0,0,0,0,0,0,0.22427440633245382,0.41160949868073876,0.16886543535620052,0,0.10817941952506596
USDA_549,2018,Jun,Corn,continuous,Low_N,Rhizosphere,2,1,8331,243,5.300370437475411,0.9942415709311823,173.65847317892147,18.943007771264465,0,0,0,0,0,0,0,0,0,0,0,0,0
USDA_550,2018,Jun,Corn,continuous,Low_N,Rhizosphere,2,2,9288,297,5.462011351018359,0.9950230994620605,200.9282669759772,21.917650507448023,0.14991181657848324,0,0.21164021164021163,0.18342151675485008,0,0,0.10052910052910052,0,0,0,0.0564373897707231,0,0
USDA_551,2018,Jun,Corn,continuous,Std_N,Rhizosphere,2,1,5634,142,4.790940666141125,0.9906061869659198,106.453044825574,11.612107480226186,0.044444444444444446,0,0,0,0,0,0.802020202020202,0,0,0,0,0,0
USDA_552,2018,Jun,Corn,continuous,Std_N,Rhizosphere,2,2,4067,100,4.4284841461483895,0.9863599558634573,73.31354576199067,7.997185750202203,0,0.13870246085011187,0,0,0,0,0.49328859060402686,0,0.14988814317673377,0,0,0,0
USDA_553,2018,Jun,Corn,rotated,Low_N,Rhizosphere,2,1,9491,293,5.493702075124788,0.9951958768318251,208.15452997220112,22.70590548625136,0,0,0,0.0970464135021097,0,0,0,0,0,0,0,0,0
USDA_554,2018,Jun,Corn,rotated,Low_N,Rhizosphere,2,2,8580,288,5.443525798764127,0.9947356567286637,189.9572175402924,20.720906859327954,0,0,0,0.3541666666666667,0,0,0,0,0,0,0,0,0
USDA_555,2018,Jun,Corn,rotated,Std_N,Rhizosphere,2,1,9167,304,5.501187401673141,0.9951597741715845,206.60193045731583,22.536544877824088,0.050400916380297825,0,0,0,0,0,0.413516609392898,0,0,0,0,0,0
USDA_556,2018,Jun,Corn,rotated,Std_N,Rhizosphere,2,2,4981,182,4.971967228048149,0.9914848881078353,117.43826888759507,12.81039732446285,0,0.3815789473684211,0,0,0,0,0,0,0,0,0,0,0
USDA_557,2018,Jun,Soybean,continuous,Low_N,Rhizosphere,2,1,17336,445,5.907605812271794,0.9968224067902798,314.703592939777,34.32848681423648,0,0,0,0,0,0,0,0,0,0.5253256150506512,0.05137481910274964,0,0.07163531114327062
USDA_558,2018,Jun,Soybean,continuous,Low_N,Rhizosphere,2,2,14110,372,5.779071620806052,0.9965354125050667,288.6346502902408,31.484835282819283,0,0,0,0,0,0,0,0,0,0.5245597775718258,0.05560704355885079,0.028730305838739572,0
USDA_559,2018,Jun,Soybean,continuous,Std_N,Rhizosphere,2,1,13366,408,5.875245681654573,0.996834547219256,315.91057244106184,34.460146511883586,0,0,0,0,0,0,0,0,0,0.467986798679868,0.08250825082508251,0,0
USDA_560,2018,Jun,Soybean,continuous,Std_N,Rhizosphere,2,2,15729,507,6.044691969246316,0.9972372877165254,361.9631352789104,39.483650633247116,0,0,0.03523035230352303,0,0,0,0,0,0,0.4640921409214092,0.06436314363143632,0.0033875338753387536,0
USDA_641,2018,Aug,Corn,rotated,Low_N,Rhizosphere,1,1,7006,230,5.235806403843005,0.9938035250401984,161.3820771466523,17.603874349293196,0,0,0,0.08250825082508251,0,0,0,0.1551155115511551,0,0,0,0,0
USDA_642,2018,Aug,Corn,rotated,Low_N,Rhizosphere,1,2,3669,110,4.498686298441819,0.986777684995076,75.62972139353795,8.249838743084435,0,0,0,0,0,0,0,0,0,0,0,0,0
USDA_643,2018,Aug,Corn,rotated,Std_N,Rhizosphere,1,1,4530,134,4.6683536087151545,0.98907182433519,91.50658176369863,9.981717895709279,0,0,0.2833333333333333,0,0,0,0.5333333333333333,0,0,0,0.18333333333333332,0,0
USDA_644,2018,Aug,Corn,rotated,Std_N,Rhizosphere,1,2,3174,95,4.3417078570879575,0.9849730144379606,66.54694621695533,7.259071764629068,0,0,0,0,0,0,0.7909090909090909,0.20909090909090908,0,0,0,0,0
USDA_645,2018,Aug,Soybean,continuous,Low_N,Rhizosphere,1,1,8706,316,5.581696972595211,0.9956873879238313,231.87803176778678,25.29371171677356,0,0,0,0.19722222222222222,0,0,0,0,0,0.37777777777777777,0,0,0
USDA_646,2018,Aug,Soybean,continuous,Low_N,Rhizosphere,1,2,2169,70,4.014799323271143,0.9789236445228364,47.446533205587215,5.175561150459829,0,0,0.2714285714285714,0,0,0,0,0,0,0,0,0,0
USDA_647,2018,Aug,Soybean,continuous,Std_N,Rhizosphere,1,1,8113,290,5.492832107602457,0.9952456192056948,210.33233206683775,22.94346442160186,0,0,0,0,0,0,0,0,0,0.5894736842105263,0,0,0
USDA_648,2018,Aug,Soybean,continuous,Std_N,Rhizosphere,1,2,8744,312,5.554945567349486,0.9955017645350224,222.30939393586954,24.249945884376363,0,0,0,0.18055555555555555,0,0,0,0,0,0.7824074074074074,0,0,0
USDA_649,2018,Aug,Soybean,rotated,Low_N,Rhizosphere,1,1,14539,397,5.745738264441661,0.9961442554656635,259.3532821209344,28.290766058146673,0,0,0,0,0,0,0,0,0,0.33204633204633205,0.1364221364221364,0.023166023166023165,0.04504504504504504
USDA_650,2018,Aug,Soybean,rotated,Low_N,Rhizosphere,1,2,12828,410,5.8429544535406,0.9967077178284289,303.74067224098786,33.132629864722965,0,0,0.11428571428571428,0,0,0,0,0,0,0.16122448979591836,0.10816326530612246,0,0
USDA_651,2018,Aug,Soybean,rotated,Std_N,Rhizosphere,1,1,12205,347,5.7186220435453965,0.9963540573511941,274.2774904392689,29.91872805147194,0,0,0,0,0,0,0,0,0,0.750373692077728,0,0,0
USDA_652,2018,Aug,Soybean,rotated,Std_N,Rhizosphere,1,2,17426,429,5.870428885627685,0.9967044788456624,303.4421425830589,33.10006566254739,0,0,0,0,0,0,0,0,0,0.5435992578849722,0.07884972170686456,0,0
USDA_657,2018,Aug,Corn,continuous,Low_N,Rhizosphere,1,1,25542,499,5.827821533374491,0.9958325230098306,239.95333444165078,26.174581613336063,0,0,0.31348511383537653,0.1138353765323993,0,0,0.07705779334500876,0,0,0,0,0,0
USDA_658,2018,Aug,Corn,continuous,Low_N,Rhizosphere,1,2,20878,410,5.74435271436739,0.9959886015877313,249.2896235241906,27.193002387213916,0,0,0.16903914590747332,0,0,0,0,0,0,0,0,0,0
USDA_659,2018,Aug,Corn,continuous,Std_N,Rhizosphere,1,1,14411,333,5.577588676691384,0.9954908663153764,221.77208970540653,24.191335682254483,0,0.1645021645021645,0,0.0735930735930736,0,0,0,0.08441558441558442,0,0,0.047619047619047616,0,0
USDA_660,2018,Aug,Corn,continuous,Std_N,Rhizosphere,1,2,38769,313,5.367532927178902,0.9942009980429196,172.44346654841814,18.810472458576044,0,0,0,0,0,0.1390644753476612,0.13653603034134007,0.5783817951959545,0.03729456384323641,0,0,0,0
USDA_661,2018,Aug,Soybean,rotated,Low_N,Rhizosphere,2,1,29516,610,6.140048026130814,0.997351424227021,377.5614087397895,41.18514097793826,0,0,0,0.00737527114967462,0,0,0,0.03817787418655098,0,0.6715835140997831,0.040780911062906725,0.0021691973969631237,0.006507592190889371
USDA_662,2018,Aug,Soybean,rotated,Low_N,Rhizosphere,2,2,39746,640,5.986446765745532,0.9965500902552271,289.86265554196933,31.618788510674047,0,0,0,0,0,0,0,0,0,0.46357012750455373,0.10610200364298725,0,0.03233151183970856
USDA_663,2018,Aug,Soybean,rotated,Std_N,Rhizosphere,2,1,25478,621,6.168008739757278,0.9973325157612403,374.8850641625374,40.89320004814998,0,0,0,0,0,0,0,0,0,0.34886572654813,0.036174126302881665,0,0
USDA_664,2018,Aug,Soybean,rotated,Std_N,Rhizosphere,2,2,18972,439,5.851071690886178,0.9964719138013969,283.4397868158452,30.91816935880908,0,0,0.09102564102564102,0,0,0,0,0,0,0.517948717948718,0,0.035897435897435895,0
USDA_669,2018,Aug,Corn,continuous,Low_N,Rhizosphere,2,1,27115,481,5.858954908572666,0.9964938716401404,285.2148858691583,31.111800654455852,0.03245283018867925,0,0.129811320754717,0.03547169811320755,0,0,0,0.021132075471698115,0,0,0,0,0
USDA_670,2018,Aug,Corn,continuous,Low_N,Rhizosphere,2,2,24280,557,6.057438623460776,0.9971234960605131,347.64423099604187,37.92171639450193,0.05714285714285714,0,0.15803571428571428,0.060714285714285714,0,0,0.026785714285714284,0,0,0,0,0,0
USDA_671,2018,Aug,Corn,continuous,Std_N,Rhizosphere,2,1,20207,324,5.417396720335191,0.9940707089844977,168.6542282012255,18.397134887744766,0,0,0,0,0,0,0.7564102564102564,0,0,0,0,0,0
USDA_672,2018,Aug,Corn,continuous,Std_N,Rhizosphere,2,2,19038,365,5.5039372433899505,0.9943693429348225,177.599166211781,19.372866317059206,0.043596730245231606,0,0.08446866485013624,0,0,0,0.40054495912806537,0,0,0,0,0,0
USDA_673,2018,Aug,Corn,rotated,Low_N,Rhizosphere,2,1,26346,474,5.902262115026938,0.9967197787510044,304.85748493526114,33.25445398973913,0,0,0,0.10700828937452901,0,0,0,0,0,0,0,0,0
USDA_674,2018,Aug,Corn,rotated,Low_N,Rhizosphere,2,2,20406,457,5.962054361987512,0.997066801596896,340.92477308788784,37.188744711388594,0,0,0.050515463917525774,0.026804123711340205,0.04639175257731959,0,0,0,0,0,0,0,0
USDA_675,2018,Aug,Corn,rotated,Std_N,Rhizosphere,2,1,18849,449,5.879570275415545,0.9966904663619427,302.15737604256407,32.95992080168719,0,0.13488372093023257,0.15968992248062017,0,0,0,0.3147286821705426,0,0,0,0,0,0
USDA_676,2018,Aug,Corn,rotated,Std_N,Rhizosphere,2,2,22625,477,5.8830012577265745,0.9965371606483319,288.7803615603113,31.500729754714484,0,0,0.17233009708737865,0,0,0,0,0,0,0,0,0,0
USDA_677,2018,Aug,Soybean,continuous,Low_N,Rhizosphere,2,1,19215,368,5.710077128153321,0.9961574142631462,260.2414281636235,28.387646775111993,0,0,0,0,0,0,0,0,0,0.4835443037974684,0.2708860759493671,0,0
USDA_678,2018,Aug,Soybean,continuous,Low_N,Rhizosphere,2,2,23673,555,6.025693284385698,0.9969701786454632,330.0524628300681,36.0027717269706,0,0,0.06300114547537228,0,0,0,0,0,0,0.5624284077892325,0.052691867124856816,0,0
USDA_679,2018,Aug,Soybean,continuous,Std_N,Rhizosphere,2,1,22070,535,6.0176341083246445,0.9970151404816696,335.02414229510003,36.545092300325535,0,0,0,0,0,0,0,0,0,0.5925311203319502,0.029045643153526972,0,0
USDA_680,2018,Aug,Soybean,continuous,Std_N,Rhizosphere,2,2,13530,357,5.703427460764521,0.9963059943439587,270.70884376275455,29.52945305389403,0,0,0,0,0,0,0,0,0,0.4666666666666667,0,0,0
USDA_753,2018,Sep,Corn,rotated,Low_N,Rhizosphere,1,1,19121,442,5.900707318691502,0.9967912734177043,311.6501123896242,33.995407150848244,0,0,0,0,0.15414258188824662,0,0,0.5375722543352601,0,0,0,0,0
USDA_754,2018,Sep,Corn,rotated,Low_N,Rhizosphere,1,2,11250,333,5.587729362846468,0.9953466785185185,214.90026080932392,23.441743072124975,0,0,0,0,0,0.23809523809523808,0,0,0,0,0,0,0
USDA_755,2018,Sep,Corn,rotated,Std_N,Rhizosphere,1,1,15791,251,5.16337765047324,0.9928083411101429,139.04997655136032,15.167844898029864,0.05043859649122807,0,0,0,0,0,0.6995614035087719,0.21710526315789475,0,0,0,0,0
USDA_756,2018,Sep,Corn,rotated,Std_N,Rhizosphere,1,2,10916,244,5.171742481810142,0.9927458304134266,137.851753817677,15.037140405813796,0,0,0,0.08296943231441048,0,0,0.14410480349344978,0.6855895196506551,0,0,0,0,0
USDA_757,2018,Sep,Soybean,continuous,Low_N,Rhizosphere,1,1,24261,314,5.543625333388323,0.9955571793515099,225.08223471497618,24.552412809632457,0,0,0,0,0,0,0,0,0,0.28888888888888886,0,0,0
USDA_758,2018,Sep,Soybean,continuous,Low_N,Rhizosphere,1,2,3626,130,4.716418936296516,0.9896965867338572,97.05521599196858,10.586973829277971,0,0,0,0,0,0,0,0,0,0.6222222222222222,0,0,0
USDA_759,2018,Sep,Soybean,continuous,Std_N,Rhizosphere,1,1,21630,385,5.587326398155129,0.9950599296494291,202.42626704383696,22.08105530081843,0,0,0,0,0,0,0,0,0,1,0,0,0
USDA_760,2018,Sep,Soybean,continuous,Std_N,Rhizosphere,1,2,23648,342,5.404766821737235,0.9937431770214384,159.82552222212695,17.43408227700367,0,0,0,0,0,0,0,0,0,0.2108843537414966,0,0,0
USDA_761,2018,Sep,Soybean,rotated,Low_N,Rhizosphere,1,1,35359,486,5.821841034191595,0.996040915145477,252.58362392954498,27.552318429414097,0,0,0,0,0,0,0,0,0.7775665399239544,0,0,0,0
USDA_762,2018,Sep,Soybean,rotated,Low_N,Rhizosphere,1,2,41308,490,5.75261550527099,0.9956954550468116,232.3125930556902,25.341114516666682,0,0,0,0,0,0,0,0,0.2984790874524715,0.3574144486692015,0,0,0
USDA_763,2018,Sep,Soybean,rotated,Std_N,Rhizosphere,1,1,35305,349,5.532937672419539,0.9950980246369464,203.99939329296586,22.25265500578489,0,0,0,0,0,0,0,0,0,1,0,0,0
USDA_764,2018,Sep,Soybean,rotated,Std_N,Rhizosphere,1,2,49773,433,5.527032044847968,0.9945100326535048,182.1504458743999,19.8693288532083,0,0,0,0,0,0,0,0,0,0.12601626016260162,0.1951219512195122,0,0
USDA_765,2018,Sep,Corn,continuous,Low_N,Rhizosphere,1,1,5339,128,4.682674332399938,0.9896512254848908,96.62979887521992,10.540568493557346,0.1125,0,0.16875,0,0,0,0,0.56875,0,0,0,0,0
USDA_766,2018,Sep,Corn,continuous,Low_N,Rhizosphere,1,2,32737,579,6.108265961835825,0.9973251048576129,373.8464301473987,40.77990380720007,0.17278617710583152,0,0.06407487401007919,0.028797696184305256,0,0,0,0.3858891288696904,0,0,0,0,0
USDA_767,2018,Sep,Corn,continuous,Std_N,Rhizosphere,1,1,21356,234,5.025280895444122,0.991628221842818,119.44893679989733,13.029724934518084,0,0,0.08051529790660225,0,0.1111111111111111,0.1288244766505636,0.4927536231884058,0,0.03542673107890499,0,0,0,0
USDA_768,2018,Sep,Corn,continuous,Std_N,Rhizosphere,1,2,17235,224,4.983803352985866,0.9907763641041528,108.41711568972899,11.82635219263172,0,0,0.08171206225680934,0,0.13813229571984437,0.14591439688715954,0.33073929961089493,0,0.2918287937743191,0,0,0,0
USDA_769,2018,Sep,Soybean,rotated,Low_N,Rhizosphere,2,1,49595,468,5.774209701963055,0.9961898255596108,262.4551751225945,28.629126646953285,0,0,0,0,0.22594142259414227,0,0,0,0,0.36401673640167365,0,0,0
USDA_770,2018,Sep,Soybean,rotated,Low_N,Rhizosphere,2,2,48467,499,5.65350262912522,0.9951590785342338,206.57224189067347,22.533306390589175,0,0,0,0,0,0,0,0,0,0.518324607329843,0,0,0
USDA_771,2018,Sep,Soybean,rotated,Std_N,Rhizosphere,2,1,41740,435,5.421204982052512,0.9933301355115715,149.928083506778,16.35445019762163,0,0,0,0.07925407925407925,0,0,0,0,0,0.23543123543123542,0,0.15384615384615385,0
USDA_772,2018,Sep,Soybean,rotated,Std_N,Rhizosphere,2,2,56447,490,5.529516465959007,0.9946105551739015,185.54786852209267,20.239926396993027,0,0,0,0,0,0,0,0,0.6641025641025641,0.16282051282051282,0.041025641025641026,0,0
USDA_773,2018,Sep,Corn,continuous,Low_N,Rhizosphere,2,1,43965,668,6.004636280134884,0.996364690444123,275.0797379506108,30.006238787709787,0.03198818897637795,0,0.09055118110236221,0.08070866141732283,0,0.02066929133858268,0.043799212598425195,0.3159448818897638,0,0,0,0,0
USDA_774,2018,Sep,Corn,continuous,Low_N,Rhizosphere,2,2,37041,646,6.056059989733306,0.9966460311027436,298.1542258242218,32.52324930327163,0.09137343927355278,0,0,0.02553916004540295,0.01532349602724177,0.11804767309875142,0.07888762769580022,0.4108967082860386,0,0,0,0,0
USDA_775,2018,Sep,Corn,continuous,Std_N,Rhizosphere,2,1,34767,402,5.424950805699247,0.9936242222030469,156.8436090225564,17.108809320961367,0.21451104100946372,0.14511041009463724,0.12302839116719243,0,0.0583596214511041,0.12933753943217666,0.26498422712933756,0,0,0,0,0,0
USDA_776,2018,Sep,Corn,continuous,Std_N,Rhizosphere,2,2,33350,529,5.826159193337751,0.9958570124233236,241.37171099176115,26.329300916802687,0.027552674230145867,0.06374932468935711,0,0,0.04808211777417612,0.22798487304159915,0.22852512155591573,0.2258238789843328,0,0,0,0,0
USDA_777,2018,Sep,Corn,rotated,Low_N,Rhizosphere,2,1,26424,540,6.0582881266421,0.9971728137037046,353.7085622232804,38.58322557088829,0.03231597845601436,0,0,0,0,0.10951526032315978,0,0.29443447037701975,0,0,0,0,0
USDA_778,2018,Sep,Corn,rotated,Low_N,Rhizosphere,2,2,25568,575,6.166638925969236,0.9975124342644749,401.99942687700855,43.850888056174306,0.08465608465608465,0,0,0.050793650793650794,0.05502645502645503,0.0962962962962963,0.11216931216931217,0.2201058201058201,0,0,0,0,0
USDA_779,2018,Sep,Corn,rotated,Std_N,Rhizosphere,2,1,30919,427,5.520391952533544,0.994274103135856,174.6451296149031,19.050634195660766,0.08004640371229699,0,0.08468677494199536,0,0.10208816705336426,0.06728538283062645,0.07424593967517401,0.24477958236658934,0,0,0,0,0
USDA_780,2018,Sep,Corn,rotated,Std_N,Rhizosphere,2,2,18805,347,5.495730924703083,0.994363356806916,177.41055549284468,19.35229228891562,0,0,0,0,0,0,0.18333333333333332,0.5433333333333333,0,0,0,0,0
USDA_781,2018,Sep,Soybean,continuous,Low_N,Rhizosphere,2,1,67604,478,5.672389688754971,0.9957255951442825,233.950698110028,25.519802237492705,0,0,0.16434540389972144,0,0,0,0,0,0,0.4456824512534819,0,0,0
USDA_782,2018,Sep,Soybean,continuous,Low_N,Rhizosphere,2,2,55856,522,5.672921466769689,0.995473971320532,220.94424733462674,24.10103300841428,0,0,0,0,0,0,0,0,0,0.7437185929648241,0,0,0
USDA_783,2018,Sep,Soybean,continuous,Std_N,Rhizosphere,2,1,40208,442,5.625935288577158,0.9952795404208502,211.84377987621812,23.108336121063676,0,0,0,0,0,0,0,0,0,0.7480916030534351,0,0,0
USDA_784,2018,Sep,Soybean,continuous,Std_N,Rhizosphere,2,2,71725,426,5.5768081526590825,0.9954196834201153,218.3255202034925,23.81537710295905,0,0,0,0,0,0,0,0,0,0.44281524926686217,0,0.09970674486803519,0
